"Topic ID","Topic","Subtopic ID","Subtopic","Caption ID","Caption template ID","Caption with blanks","Example with intended words","Blank number","Intended word","All available word choices","Full-credit words (game fit)","Partial-credit words (game fit)","Neutral words (source label)","Wrong words (source label)","Nonsense words (source label)","Ideal tactic categories","Neutral tactic categories","Bad tactic categories","Caption quality (game label)","Specialist decision","Suggested correction","Clinical rationale / evidence URL","Reviewer notes"
"diet","General Dietary Patterns","carnivore","The Gen-Z Diet","carnivore_fear_01","carnivore_fear_01","If your [friends] still eat vegetables, they may never unlock the real [energy] of the Gen-Z diet.","If your friends still eat vegetables, they may never unlock the real energy of the Gen-Z diet.","1","friends","friends | energy | followers | family | strength | focus | people | health | doctors | school | balance | sleep | spaceship | banana","friends | followers | family","people | doctors","","","school | spaceship","emotion | scapegoat","bandwagon | twisting","authority | strawman","Correct","","","",""
"diet","General Dietary Patterns","carnivore","The Gen-Z Diet","carnivore_fear_01","carnivore_fear_01","If your [friends] still eat vegetables, they may never unlock the real [energy] of the Gen-Z diet.","If your friends still eat vegetables, they may never unlock the real energy of the Gen-Z diet.","2","energy","friends | energy | followers | family | strength | focus | people | health | doctors | school | balance | sleep | spaceship | banana","energy | strength | focus","health | balance | sleep","","","banana","emotion | scapegoat","bandwagon | twisting","authority | strawman","Correct","","","",""
"diet","General Dietary Patterns","carnivore","The Gen-Z Diet","carnivore_conspiracy_02","carnivore_conspiracy_02","They keep mocking the [carnivore] diet because they do not want young people to discover [freedom].","They keep mocking the carnivore diet because they do not want young people to discover freedom.","1","carnivore","carnivore | freedom | meat-only | control | diet | confidence | vegetables | water | science | homework | moon cheese | invisible soup","carnivore | meat-only","","","","diet | vegetables | water | moon cheese","conspiracy | twisting","emotion | bandwagon","authority | attack","Correct","","","",""
"diet","General Dietary Patterns","carnivore","The Gen-Z Diet","carnivore_conspiracy_02","carnivore_conspiracy_02","They keep mocking the [carnivore] diet because they do not want young people to discover [freedom].","They keep mocking the carnivore diet because they do not want young people to discover freedom.","2","freedom","carnivore | freedom | meat-only | control | diet | confidence | vegetables | water | science | homework | moon cheese | invisible soup","freedom | control","confidence","","","science | homework | invisible soup","conspiracy | twisting","emotion | bandwagon","authority | attack","Correct","","","",""
"diet","General Dietary Patterns","carnivore","The Gen-Z Diet","carnivore_social_03","carnivore_social_03","Thousands of students are trying [raw steak] this week because the [trend] is exploding online.","Thousands of students are trying raw steak this week because the trend is exploding online.","1","raw steak","raw steak | trend | meat bowls | challenge | protein | idea | salad | bread | research | doctor | glitter | penguin","raw steak | meat bowls","protein | salad | bread","","","glitter","bandwagon | authority","emotion | twisting","trolling | attack","Correct","","","",""
"diet","General Dietary Patterns","carnivore","The Gen-Z Diet","carnivore_social_03","carnivore_social_03","Thousands of students are trying [raw steak] this week because the [trend] is exploding online.","Thousands of students are trying raw steak this week because the trend is exploding online.","2","trend","raw steak | trend | meat bowls | challenge | protein | idea | salad | bread | research | doctor | glitter | penguin","trend | challenge","idea | research","","","doctor | penguin","bandwagon | authority","emotion | twisting","trolling | attack","Correct","","","",""
"diet","General Dietary Patterns","fasting","Extreme Fasting Rules","fasting_fear_01","fasting_fear_01","If you eat before [noon], your body may never enter true [repair] mode.","If you eat before noon, your body may never enter true repair mode.","1","noon","noon | repair | sunset | breakfast | reset | detox | morning | focus | dinner | snack | evidence | water | plastic | teleport","noon | sunset","breakfast | morning | dinner","","","snack | plastic","emotion | scapegoat","bandwagon | twisting","authority | strawman","Correct","","","",""
"diet","General Dietary Patterns","fasting","Extreme Fasting Rules","fasting_fear_01","fasting_fear_01","If you eat before [noon], your body may never enter true [repair] mode.","If you eat before noon, your body may never enter true repair mode.","2","repair","noon | repair | sunset | breakfast | reset | detox | morning | focus | dinner | snack | evidence | water | plastic | teleport","repair | reset | detox","focus","","","evidence | water | teleport","emotion | scapegoat","bandwagon | twisting","authority | strawman","Correct","","","",""
"diet","General Dietary Patterns","fasting","Extreme Fasting Rules","fasting_conspiracy_02","fasting_conspiracy_02","The food industry fears [fasting] because hungry people are harder to [control].","The food industry fears fasting because hungry people are harder to control.","1","fasting","fasting | control | skipping meals | sell to | routine | influence | balanced meals | fruit | help | study | car keys | rainbow","fasting | skipping meals","routine | balanced meals | fruit","","","car keys","conspiracy | twisting","emotion | bandwagon","authority | attack","Correct","","","",""
"diet","General Dietary Patterns","fasting","Extreme Fasting Rules","fasting_conspiracy_02","fasting_conspiracy_02","The food industry fears [fasting] because hungry people are harder to [control].","The food industry fears fasting because hungry people are harder to control.","2","control","fasting | control | skipping meals | sell to | routine | influence | balanced meals | fruit | help | study | car keys | rainbow","control | influence","sell to | help | study","","","rainbow","conspiracy | twisting","emotion | bandwagon","authority | attack","Correct","","","",""
"diet","General Dietary Patterns","fasting","Extreme Fasting Rules","fasting_social_03","fasting_social_03","Everyone is doing the [36-hour] reset, and people who eat normally are falling [behind].","Everyone is doing the 36-hour reset, and people who eat normally are falling behind.","1","36-hour","36-hour | behind | 24-hour | extreme | slow | late | short | different | safe | breakfast | healthy | ahead | toaster | cloud","36-hour | 24-hour | extreme","short | safe | slow | different | healthy","","","breakfast | toaster","bandwagon | authority","emotion | twisting","trolling | attack","Correct","","","",""
"diet","General Dietary Patterns","fasting","Extreme Fasting Rules","fasting_social_03","fasting_social_03","Everyone is doing the [36-hour] reset, and people who eat normally are falling [behind].","Everyone is doing the 36-hour reset, and people who eat normally are falling behind.","2","behind","36-hour | behind | 24-hour | extreme | slow | late | short | different | safe | breakfast | healthy | ahead | toaster | cloud","behind","","","","different | healthy | cloud | slow | late | ahead","bandwagon | authority","emotion | twisting","trolling | attack","Correct","","","",""
"diet","General Dietary Patterns","clean_eating","Clean Eating Exclusivity","clean_fear_01","clean_fear_01","One bite of [processed food] could undo all your clean eating [progress].","One bite of processed food could undo all your clean eating progress.","1","processed food","processed food | progress | packaged snacks | results | fast food | routine | fruit | rice | science | balance | chair | satellite","processed food | packaged snacks | fast food","fruit | rice","","","chair","emotion | scapegoat","bandwagon | twisting","authority | strawman","Correct","","","",""
"diet","General Dietary Patterns","clean_eating","Clean Eating Exclusivity","clean_fear_01","clean_fear_01","One bite of [processed food] could undo all your clean eating [progress].","One bite of processed food could undo all your clean eating progress.","2","progress","processed food | progress | packaged snacks | results | fast food | routine | fruit | rice | science | balance | chair | satellite","progress | results","routine | balance","","","science | satellite","emotion | scapegoat","bandwagon | twisting","authority | strawman","Correct","","","",""
"diet","General Dietary Patterns","clean_eating","Clean Eating Exclusivity","clean_conspiracy_02","clean_conspiracy_02","They call [clean eating] extreme because they profit when we stay [dependent].","They call clean eating extreme because they profit when we stay dependent.","1","clean eating","clean eating | dependent | pure food | hooked | healthy meals | busy | medicine | exercise | free | strong | shoe polish | microwave","clean eating | pure food","healthy meals | medicine | exercise","","","shoe polish","conspiracy | twisting","emotion | bandwagon","authority | attack","Correct","","","",""
"diet","General Dietary Patterns","clean_eating","Clean Eating Exclusivity","clean_conspiracy_02","clean_conspiracy_02","They call [clean eating] extreme because they profit when we stay [dependent].","They call clean eating extreme because they profit when we stay dependent.","2","dependent","clean eating | dependent | pure food | hooked | healthy meals | busy | medicine | exercise | free | strong | shoe polish | microwave","dependent | hooked","busy | free | strong","","","microwave","conspiracy | twisting","emotion | bandwagon","authority | attack","Correct","","","",""
"diet","General Dietary Patterns","clean_eating","Clean Eating Exclusivity","clean_social_03","clean_social_03","People with real discipline are switching to [whole foods] while everyone else eats [junk].","People with real discipline are switching to whole foods while everyone else eats junk.","1","whole foods","whole foods | junk | garbage | simple meals | snacks | school lunch | water | food | dinner | blanket | asteroid","whole foods | simple meals","school lunch | snacks | food | dinner | junk | garbage","","","water | blanket","bandwagon | authority","emotion | twisting","trolling | attack","Correct","","","",""
"diet","General Dietary Patterns","clean_eating","Clean Eating Exclusivity","clean_social_03","clean_social_03","People with real discipline are switching to [whole foods] while everyone else eats [junk].","People with real discipline are switching to whole foods while everyone else eats junk.","2","junk","whole foods | junk | garbage | simple meals | snacks | school lunch | water | food | dinner | blanket | asteroid","junk | garbage","snacks | food | dinner | whole foods | simple meals | school lunch","","","asteroid","bandwagon | authority","emotion | twisting","trolling | attack","Correct","","","",""
"mom_child","Maternal & Child Nutrition","mystery_illness","Curing Mystery Illnesses","mystery_fear_01","mystery_fear_01","If your child is always [tired], hidden food toxins could be the real [cause].","If your child is always tired, hidden food toxins could be the real cause.","1","tired","tired | cause | sick | foggy | reason | trigger | upset | problem | active | hungry | doctor | test | lamp | dragon","tired | sick | foggy","upset | hungry","","","active | lamp","emotion | scapegoat","bandwagon | twisting","authority | strawman","Correct","","","",""
"mom_child","Maternal & Child Nutrition","mystery_illness","Curing Mystery Illnesses","mystery_fear_01","mystery_fear_01","If your child is always [tired], hidden food toxins could be the real [cause].","If your child is always tired, hidden food toxins could be the real cause.","2","cause","tired | cause | sick | foggy | reason | trigger | upset | problem | active | hungry | doctor | test | lamp | dragon","cause | reason | trigger","problem","","","doctor | test | dragon","emotion | scapegoat","bandwagon | twisting","authority | strawman","Correct","","","",""
"mom_child","Maternal & Child Nutrition","mystery_illness","Curing Mystery Illnesses","mystery_conspiracy_02","mystery_conspiracy_02","Doctors ignore [mystery symptoms] because cures from food would destroy their [business].","Doctors ignore mystery symptoms because cures from food would destroy their business.","1","mystery symptoms","mystery symptoms | business | hidden illness | profits | symptoms | system | medicine | checkups | care | hospital | sandwich hat | volcano","mystery symptoms | symptoms | hidden illness","medicine | checkups | care","","","sandwich hat","conspiracy | twisting","emotion | bandwagon","authority | attack","Correct","","","",""
"mom_child","Maternal & Child Nutrition","mystery_illness","Curing Mystery Illnesses","mystery_conspiracy_02","mystery_conspiracy_02","Doctors ignore [mystery symptoms] because cures from food would destroy their [business].","Doctors ignore mystery symptoms because cures from food would destroy their business.","2","business","mystery symptoms | business | hidden illness | profits | symptoms | system | medicine | checkups | care | hospital | sandwich hat | volcano","business | profits","system | care | hospital","","","volcano","conspiracy | twisting","emotion | bandwagon","authority | attack","Correct","","","",""
"mom_child","Maternal & Child Nutrition","mystery_illness","Curing Mystery Illnesses","mystery_social_03","mystery_social_03","Parents everywhere are blaming [school lunches] after seeing the same [symptoms] in their kids.","Parents everywhere are blaming school lunches after seeing the same symptoms in their kids.","1","school lunches","school lunches | symptoms | cafeteria food | patterns | snacks | changes | sleep | homework | evidence | data | moon dust | invisible bugs","school lunches | cafeteria food","snacks | sleep | homework","","","moon dust","bandwagon | authority","emotion | twisting","trolling | attack","Correct","","","",""
"mom_child","Maternal & Child Nutrition","mystery_illness","Curing Mystery Illnesses","mystery_social_03","mystery_social_03","Parents everywhere are blaming [school lunches] after seeing the same [symptoms] in their kids.","Parents everywhere are blaming school lunches after seeing the same symptoms in their kids.","2","symptoms","school lunches | symptoms | cafeteria food | patterns | snacks | changes | sleep | homework | evidence | data | moon dust | invisible bugs","symptoms | patterns","changes","","","evidence | data | invisible bugs","bandwagon | authority","emotion | twisting","trolling | attack","Correct","","","",""
"mom_child","Maternal & Child Nutrition","baby_formula","Homemade Baby Formula","formula_fear_01","formula_fear_01","Commercial [formula] may hide ingredients that put your baby's [future] at risk.","Commercial formula may hide ingredients that put your baby's future at risk.","1","formula","formula | future | powder | growth | milk | routine | water | doctor | safety | care | keyboard | rocket","formula","powder | milk | water","","","doctor | keyboard","emotion | scapegoat","bandwagon | twisting","authority | strawman","Correct","","","",""
"mom_child","Maternal & Child Nutrition","baby_formula","Homemade Baby Formula","formula_fear_01","formula_fear_01","Commercial [formula] may hide ingredients that put your baby's [future] at risk.","Commercial formula may hide ingredients that put your baby's future at risk.","2","future","formula | future | powder | growth | milk | routine | water | doctor | safety | care | keyboard | rocket","future | growth | safety","routine | care","","","rocket","emotion | scapegoat","bandwagon | twisting","authority | strawman","Correct","","","",""
"mom_child","Maternal & Child Nutrition","baby_formula","Homemade Baby Formula","formula_conspiracy_02","formula_conspiracy_02","Big brands attack [homemade formula] because they cannot profit from your [kitchen].","Big brands attack homemade formula because they cannot profit from your kitchen.","1","homemade formula","homemade formula | kitchen | natural formula | home | baby food | family | pediatrician | store formula | lab | clinic | socks | galaxy","homemade formula","natural formula | baby food | store formula","","","pediatrician | socks","conspiracy | twisting","emotion | bandwagon","authority | attack","Correct","","","",""
"mom_child","Maternal & Child Nutrition","baby_formula","Homemade Baby Formula","formula_conspiracy_02","formula_conspiracy_02","Big brands attack [homemade formula] because they cannot profit from your [kitchen].","Big brands attack homemade formula because they cannot profit from your kitchen.","2","kitchen","homemade formula | kitchen | natural formula | home | baby food | family | pediatrician | store formula | lab | clinic | socks | galaxy","kitchen | home | homemade formula","family | lab | clinic | natural formula | baby food | store formula","","","galaxy","conspiracy | twisting","emotion | bandwagon","authority | attack","Correct","","","",""
"mom_child","Maternal & Child Nutrition","baby_formula","Homemade Baby Formula","formula_social_03","formula_social_03","More moms are replacing [store formula] with online recipes after seeing shocking [results].","More moms are replacing store formula with online recipes after seeing shocking results.","1","store formula","store formula | results | baby formula | stories | powder | posts | breast milk | doctor | warnings | guidelines | ice cream | spaceship","store formula | baby formula","powder | breast milk","","","doctor | ice cream","bandwagon | authority","emotion | twisting","trolling | attack","Correct","","","",""
"mom_child","Maternal & Child Nutrition","baby_formula","Homemade Baby Formula","formula_social_03","formula_social_03","More moms are replacing [store formula] with online recipes after seeing shocking [results].","More moms are replacing store formula with online recipes after seeing shocking results.","2","results","store formula | results | baby formula | stories | powder | posts | breast milk | doctor | warnings | guidelines | ice cream | spaceship","results | stories | posts","warnings | guidelines","","","spaceship","bandwagon | authority","emotion | twisting","trolling | attack","Correct","","","",""
"mom_child","Maternal & Child Nutrition","food_dyes","Food Dyes and Hyperactivity","dyes_fear_01","dyes_fear_01","That bright [candy] may be the reason your child cannot stay [still].","That bright candy may be the reason your child cannot stay still.","1","candy","candy | still | snack | cereal | calm | focused | food dye | quiet | vegetables | water | happy | safe | pencil | thunder","candy | snack | cereal | food dye","","","","vegetables | water | pencil","emotion | scapegoat","bandwagon | twisting","authority | strawman","Correct","","","",""
"mom_child","Maternal & Child Nutrition","food_dyes","Food Dyes and Hyperactivity","dyes_fear_01","dyes_fear_01","That bright [candy] may be the reason your child cannot stay [still].","That bright candy may be the reason your child cannot stay still.","2","still","candy | still | snack | cereal | calm | focused | food dye | quiet | vegetables | water | happy | safe | pencil | thunder","still | calm | focused | quiet","happy | safe","","","thunder","emotion | scapegoat","bandwagon | twisting","authority | strawman","Correct","","","",""
"mom_child","Maternal & Child Nutrition","food_dyes","Food Dyes and Hyperactivity","dyes_conspiracy_02","dyes_conspiracy_02","They hide [food dyes] in kids’ snacks because chaos keeps parents [desperate].","They hide food dyes in kids’ snacks because chaos keeps parents desperate.","1","food dyes","food dyes | desperate | colors | confused | ingredients | worried | nutrition labels | fruit | informed | calm | rubber duck | time travel","food dyes | colors","ingredients | fruit","","","nutrition labels | rubber duck","conspiracy | twisting","emotion | bandwagon","authority | attack","Correct","","","",""
"mom_child","Maternal & Child Nutrition","food_dyes","Food Dyes and Hyperactivity","dyes_conspiracy_02","dyes_conspiracy_02","They hide [food dyes] in kids’ snacks because chaos keeps parents [desperate].","They hide food dyes in kids’ snacks because chaos keeps parents desperate.","2","desperate","food dyes | desperate | colors | confused | ingredients | worried | nutrition labels | fruit | informed | calm | rubber duck | time travel","desperate | confused | worried","informed | calm","","","time travel","conspiracy | twisting","emotion | bandwagon","authority | attack","Correct","","","",""
"mom_child","Maternal & Child Nutrition","food_dyes","Food Dyes and Hyperactivity","dyes_social_03","dyes_social_03","Parents are throwing out [red dye] after videos linked it to wild [behavior].","Parents are throwing out red dye after videos linked it to wild behavior.","1","red dye","red dye | behavior | artificial color | meltdowns | candy | energy | tomatoes | homework | sleep | play | table | wizard","red dye | artificial color","candy | tomatoes","","","homework | table","bandwagon | authority","emotion | twisting","trolling | attack","Correct","","","",""
"mom_child","Maternal & Child Nutrition","food_dyes","Food Dyes and Hyperactivity","dyes_social_03","dyes_social_03","Parents are throwing out [red dye] after videos linked it to wild [behavior].","Parents are throwing out red dye after videos linked it to wild behavior.","2","behavior","red dye | behavior | artificial color | meltdowns | candy | energy | tomatoes | homework | sleep | play | table | wizard","behavior | meltdowns","energy | sleep | play","","","wizard","bandwagon | authority","emotion | twisting","trolling | attack","Correct","","","",""
"disease","Disease Prevention & Management","cancer_superfoods","Anti-Cancer Superfoods","cancer_fear_01","cancer_fear_01","Ignoring [superfoods] could leave your body defenseless against silent [cancer].","Ignoring superfoods could leave your body defenseless against silent cancer.","1","superfoods","superfoods | cancer | berries | greens | tumors | disease | plants | risk | health | prevention | shoe | asteroid","superfoods | berries | greens","plants | cancer | tumors | disease","","","shoe","emotion | scapegoat","bandwagon | twisting","authority | strawman","Correct","","","",""
"disease","Disease Prevention & Management","cancer_superfoods","Anti-Cancer Superfoods","cancer_fear_01","cancer_fear_01","Ignoring [superfoods] could leave your body defenseless against silent [cancer].","Ignoring superfoods could leave your body defenseless against silent cancer.","2","cancer","superfoods | cancer | berries | greens | tumors | disease | plants | risk | health | prevention | shoe | asteroid","cancer | tumors | disease","","","","risk | health | prevention | asteroid","emotion | scapegoat","bandwagon | twisting","authority | strawman","Correct","","","",""
"disease","Disease Prevention & Management","cancer_superfoods","Anti-Cancer Superfoods","cancer_conspiracy_02","cancer_conspiracy_02","They downplay [apricot kernels] because simple foods threaten the cancer [industry].","They downplay apricot kernels because simple foods threaten the cancer industry.","1","apricot kernels","apricot kernels | industry | seeds | treatment profits | plants | system | treatment | doctor | care | research | music | clouds","apricot kernels","seeds | plants | treatment | care | research","","","doctor | music","conspiracy | twisting","emotion | bandwagon","authority | attack","Correct","","","",""
"disease","Disease Prevention & Management","cancer_superfoods","Anti-Cancer Superfoods","cancer_conspiracy_02","cancer_conspiracy_02","They downplay [apricot kernels] because simple foods threaten the cancer [industry].","They downplay apricot kernels because simple foods threaten the cancer industry.","2","industry","apricot kernels | industry | seeds | treatment profits | plants | system | treatment | doctor | care | research | music | clouds","industry | treatment profits","system | care | research | treatment","","","clouds","conspiracy | twisting","emotion | bandwagon","authority | attack","Correct","","","",""
"disease","Disease Prevention & Management","cancer_superfoods","Anti-Cancer Superfoods","cancer_social_03","cancer_social_03","Millions are adding [green powder] to their diet after influencers called it the anti-cancer [secret].","Millions are adding green powder to their diet after influencers called it the anti-cancer secret.","1","green powder","green powder | secret | berry mix | hack | vegetables | habit | balanced meals | checkups | study | guide | blanket | spaceship","green powder | berry mix","vegetables | balanced meals","","","checkups | blanket","bandwagon | authority","emotion | twisting","trolling | attack","Correct","","","",""
"disease","Disease Prevention & Management","cancer_superfoods","Anti-Cancer Superfoods","cancer_social_03","cancer_social_03","Millions are adding [green powder] to their diet after influencers called it the anti-cancer [secret].","Millions are adding green powder to their diet after influencers called it the anti-cancer secret.","2","secret","green powder | secret | berry mix | hack | vegetables | habit | balanced meals | checkups | study | guide | blanket | spaceship","secret | hack","habit | study | guide","","","spaceship","bandwagon | authority","emotion | twisting","trolling | attack","Correct","","","",""
"disease","Disease Prevention & Management","cure_diabetes","Curing Diabetes Quickly","diabetes_fear_01","diabetes_fear_01","If you still trust normal [medicine], you may miss the food cure for [diabetes].","If you still trust normal medicine, you may miss the food cure for diabetes.","1","medicine","medicine | diabetes | pills | insulin | high blood sugar | treatment | health | doctor | exercise | management | care | doorknob | mermaid","medicine | pills | insulin | treatment","exercise | management | care","","","doctor | doorknob","emotion | scapegoat","bandwagon | twisting","authority | strawman","Correct","","","",""
"disease","Disease Prevention & Management","cure_diabetes","Curing Diabetes Quickly","diabetes_fear_01","diabetes_fear_01","If you still trust normal [medicine], you may miss the food cure for [diabetes].","If you still trust normal medicine, you may miss the food cure for diabetes.","2","diabetes","medicine | diabetes | pills | insulin | high blood sugar | treatment | health | doctor | exercise | management | care | doorknob | mermaid","diabetes","high blood sugar","","","health | management | care | mermaid","emotion | scapegoat","bandwagon | twisting","authority | strawman","Correct","","","",""
"disease","Disease Prevention & Management","cure_diabetes","Curing Diabetes Quickly","diabetes_conspiracy_02","diabetes_conspiracy_02","They do not want you using [cinnamon] because diabetes drugs need lifelong [customers].","They do not want you using cinnamon because diabetes drugs need lifelong customers.","1","cinnamon","cinnamon | customers | herbs | buyers | spices | patients | diet plans | clinics | support | science | paint | spaceship","cinnamon | herbs | spices","diet plans","","","clinics | paint","conspiracy | twisting","emotion | bandwagon","authority | attack","Correct","","","",""
"disease","Disease Prevention & Management","cure_diabetes","Curing Diabetes Quickly","diabetes_conspiracy_02","diabetes_conspiracy_02","They do not want you using [cinnamon] because diabetes drugs need lifelong [customers].","They do not want you using cinnamon because diabetes drugs need lifelong customers.","2","customers","cinnamon | customers | herbs | buyers | spices | patients | diet plans | clinics | support | science | paint | spaceship","customers | buyers | patients","","","","support | science | spaceship","conspiracy | twisting","emotion | bandwagon","authority | attack","Correct","","","",""
"disease","Disease Prevention & Management","cure_diabetes","Curing Diabetes Quickly","diabetes_social_03","diabetes_social_03","People are posting before-and-after [glucose] numbers after trying the 7-day [reset].","People are posting before-and-after glucose numbers after trying the 7-day reset.","1","glucose","glucose | reset | blood sugar | challenge | numbers | routine | lab tests | doctor | treatment | plan | sneakers | volcano","glucose | blood sugar","","","","numbers | lab tests | doctor | sneakers","bandwagon | authority","emotion | twisting","trolling | attack","Correct","","","",""
"disease","Disease Prevention & Management","cure_diabetes","Curing Diabetes Quickly","diabetes_social_03","diabetes_social_03","People are posting before-and-after [glucose] numbers after trying the 7-day [reset].","People are posting before-and-after glucose numbers after trying the 7-day reset.","2","reset","glucose | reset | blood sugar | challenge | numbers | routine | lab tests | doctor | treatment | plan | sneakers | volcano","reset | challenge | routine","treatment | plan","","","volcano","bandwagon | authority","emotion | twisting","trolling | attack","Correct","","","",""
"disease","Disease Prevention & Management","extreme_immunity","Extreme Immunity Hacks","immunity_fear_01","immunity_fear_01","Your weak [immune system] is begging for this extreme [boost].","Your weak immune system is begging for this extreme boost.","1","immune system","immune system | boost | defense system | reset | body | support | sleep | vaccines | balance | care | curtain | dragon","immune system | body | defense system","","","","sleep | vaccines | curtain","emotion | scapegoat","bandwagon | twisting","authority | strawman","Correct","","","",""
"disease","Disease Prevention & Management","extreme_immunity","Extreme Immunity Hacks","immunity_fear_01","immunity_fear_01","Your weak [immune system] is begging for this extreme [boost].","Your weak immune system is begging for this extreme boost.","2","boost","immune system | boost | defense system | reset | body | support | sleep | vaccines | balance | care | curtain | dragon","boost | reset","support | balance | care","","","dragon","emotion | scapegoat","bandwagon | twisting","authority | strawman","Correct","","","",""
"disease","Disease Prevention & Management","extreme_immunity","Extreme Immunity Hacks","immunity_conspiracy_02","immunity_conspiracy_02","They call [megadose vitamins] dangerous because a strong public is harder to [manage].","They call megadose vitamins dangerous because a strong public is harder to manage.","1","megadose vitamins","megadose vitamins | manage | vitamin stacks | control | supplements | influence | normal doses | doctor | help | guide | pizza | orbit","megadose vitamins | vitamin stacks","supplements | normal doses","","","doctor | pizza","conspiracy | twisting","emotion | bandwagon","authority | attack","Correct","","","",""
"disease","Disease Prevention & Management","extreme_immunity","Extreme Immunity Hacks","immunity_conspiracy_02","immunity_conspiracy_02","They call [megadose vitamins] dangerous because a strong public is harder to [manage].","They call megadose vitamins dangerous because a strong public is harder to manage.","2","manage","megadose vitamins | manage | vitamin stacks | control | supplements | influence | normal doses | doctor | help | guide | pizza | orbit","manage | control | influence","help | guide","","","orbit","conspiracy | twisting","emotion | bandwagon","authority | attack","Correct","","","",""
"disease","Disease Prevention & Management","extreme_immunity","Extreme Immunity Hacks","immunity_social_03","immunity_social_03","Everyone is trying the [immune hack] before flu season because nobody wants to be [weak].","Everyone is trying the immune hack before flu season because nobody wants to be weak.","1","immune hack","immune hack | weak | vitamin hack | sick | routine | tired | safe | healthy | lamp | wizard","immune hack | vitamin hack","routine","","","lamp","bandwagon | authority","emotion | twisting","trolling | attack","Correct","","","",""
"disease","Disease Prevention & Management","extreme_immunity","Extreme Immunity Hacks","immunity_social_03","immunity_social_03","Everyone is trying the [immune hack] before flu season because nobody wants to be [weak].","Everyone is trying the immune hack before flu season because nobody wants to be weak.","2","weak","immune hack | weak | vitamin hack | sick | routine | tired | safe | healthy | lamp | wizard","weak | sick","tired | safe | healthy","","","wizard","bandwagon | authority","emotion | twisting","trolling | attack","Correct","","","",""
"food","Food Safety","raw_milk","Fear of Unsafe Food","rawmilk_fear_01","rawmilk_fear_01","Pasteurized [milk] may be stripping away the natural [power] your family needs.","Pasteurized milk may be stripping away the natural power your family needs.","1","milk","milk | power | raw milk | benefits | dairy | taste | water | yogurt | safety | nutrition | phone | cloud","milk | dairy","yogurt","","","water | phone | raw milk","emotion | scapegoat","bandwagon | twisting","authority | strawman","Correct","","","",""
"food","Food Safety","raw_milk","Fear of Unsafe Food","rawmilk_fear_01","rawmilk_fear_01","Pasteurized [milk] may be stripping away the natural [power] your family needs.","Pasteurized milk may be stripping away the natural power your family needs.","2","power","milk | power | raw milk | benefits | dairy | taste | water | yogurt | safety | nutrition | phone | cloud","power | benefits | nutrition","taste | safety","","","cloud","emotion | scapegoat","bandwagon | twisting","authority | strawman","Correct","","","",""
"food","Food Safety","raw_milk","Fear of Unsafe Food","rawmilk_conspiracy_02","rawmilk_conspiracy_02","The government attacks [raw milk] because healthy families do not need their [system].","The government attacks raw milk because healthy families do not need their system.","1","raw milk","raw milk | system | farm milk | control | milk | rules | pasteurized milk | doctor | safety | testing | book | spaceship","raw milk","milk | farm milk | pasteurized milk","","","doctor | book","conspiracy | twisting","emotion | bandwagon","authority | attack","Correct","","","",""
"food","Food Safety","raw_milk","Fear of Unsafe Food","rawmilk_conspiracy_02","rawmilk_conspiracy_02","The government attacks [raw milk] because healthy families do not need their [system].","The government attacks raw milk because healthy families do not need their system.","2","system","raw milk | system | farm milk | control | milk | rules | pasteurized milk | doctor | safety | testing | book | spaceship","system | control","rules | safety | testing | doctor","","","spaceship","conspiracy | twisting","emotion | bandwagon","authority | attack","Correct","","","",""
"food","Food Safety","raw_milk","Fear of Unsafe Food","rawmilk_social_03","rawmilk_social_03","Farm families are switching to [raw milk] and saying their kids feel [stronger].","Farm families are switching to raw milk and saying their kids feel stronger.","1","raw milk","raw milk | stronger | farm milk | healthier | milk | better | school lunch | water | normal | safe | pillow | unicorn","raw milk","milk | farm milk | water | school lunch","","","pillow","bandwagon | authority","emotion | twisting","trolling | attack","Correct","","","",""
"food","Food Safety","raw_milk","Fear of Unsafe Food","rawmilk_social_03","rawmilk_social_03","Farm families are switching to [raw milk] and saying their kids feel [stronger].","Farm families are switching to raw milk and saying their kids feel stronger.","2","stronger","raw milk | stronger | farm milk | healthier | milk | better | school lunch | water | normal | safe | pillow | unicorn","stronger | healthier | better","normal | safe","","","unicorn","bandwagon | authority","emotion | twisting","trolling | attack","Correct","","","",""
"food","Food Safety","tap_water","Contaminated Produce Panic","water_fear_01","water_fear_01","Every sip of [tap water] could be filling your body with hidden [toxins].","Every sip of tap water could be filling your body with hidden toxins.","1","tap water","tap water | toxins | city water | chemicals | water | risk | filtered water | hydration | minerals | safety | spoon | dragon","tap water | city water","water | filtered water","","","hydration | spoon","emotion | scapegoat","bandwagon | twisting","authority | strawman","Correct","","","",""
"food","Food Safety","tap_water","Contaminated Produce Panic","water_fear_01","water_fear_01","Every sip of [tap water] could be filling your body with hidden [toxins].","Every sip of tap water could be filling your body with hidden toxins.","2","toxins","tap water | toxins | city water | chemicals | water | risk | filtered water | hydration | minerals | safety | spoon | dragon","toxins | chemicals","minerals","","","risk | safety | dragon","emotion | scapegoat","bandwagon | twisting","authority | strawman","Correct","","","",""
"food","Food Safety","tap_water","Contaminated Produce Panic","water_conspiracy_02","water_conspiracy_02","They keep [fluoride] in the water because a tired public is easier to [control].","They keep fluoride in the water because a tired public is easier to control.","1","fluoride","fluoride | control | chemicals | manage | water additives | influence | testing | filters | protect | help | wallet | moon","fluoride | chemicals | water additives","","","","testing | filters | wallet","conspiracy | twisting","emotion | bandwagon","authority | attack","Correct","","","",""
"food","Food Safety","tap_water","Contaminated Produce Panic","water_conspiracy_02","water_conspiracy_02","They keep [fluoride] in the water because a tired public is easier to [control].","They keep fluoride in the water because a tired public is easier to control.","2","control","fluoride | control | chemicals | manage | water additives | influence | testing | filters | protect | help | wallet | moon","control | manage | influence","protect | help","","","moon","conspiracy | twisting","emotion | bandwagon","authority | attack","Correct","","","",""
"food","Food Safety","tap_water","Contaminated Produce Panic","water_social_03","water_social_03","People are panic-buying [filters] after viral videos exposed dirty [water].","People are panic-buying filters after viral videos exposed dirty water.","1","filters","filters | water | bottled water | tap water | pitchers | pipes | cups | hydration | rain | sink | carpet | rocket","filters | bottled water | water | tap water","pitchers | cups | pipes","","","hydration | carpet","bandwagon | authority","emotion | twisting","trolling | attack","Correct","","","",""
"food","Food Safety","tap_water","Contaminated Produce Panic","water_social_03","water_social_03","People are panic-buying [filters] after viral videos exposed dirty [water].","People are panic-buying filters after viral videos exposed dirty water.","2","water","filters | water | bottled water | tap water | pitchers | pipes | cups | hydration | rain | sink | carpet | rocket","water | tap water | bottled water | filters","pipes | rain | pitchers","","","sink | rocket","bandwagon | authority","emotion | twisting","trolling | attack","Correct","","","",""
"food","Food Safety","dirty_dozen","Chemical Food Fear","dirty_fear_01","dirty_fear_01","Feeding your kids [strawberries] without washing could load them with [chemicals].","Feeding your kids strawberries without washing could load them with chemicals.","1","strawberries","strawberries | chemicals | spinach | grapes | pesticides | toxins | produce | residue | bananas | rice | vitamins | fiber | computer | alien","strawberries | spinach | grapes | produce","bananas | rice","","","computer","emotion | scapegoat","bandwagon | twisting","authority | strawman","Correct","","","",""
"food","Food Safety","dirty_dozen","Chemical Food Fear","dirty_fear_01","dirty_fear_01","Feeding your kids [strawberries] without washing could load them with [chemicals].","Feeding your kids strawberries without washing could load them with chemicals.","2","chemicals","strawberries | chemicals | spinach | grapes | pesticides | toxins | produce | residue | bananas | rice | vitamins | fiber | computer | alien","chemicals | pesticides | toxins | residue","vitamins | fiber","","","alien","emotion | scapegoat","bandwagon | twisting","authority | strawman","Correct","","","",""
"food","Food Safety","dirty_dozen","Chemical Food Fear","dirty_conspiracy_02","dirty_conspiracy_02","They say [pesticides] are safe because the food industry needs us [quiet].","They say pesticides are safe because the food industry needs us quiet.","1","pesticides","pesticides | quiet | chemicals | obedient | sprays | worried | organic labels | washing | informed | safe | chair | rainbow","pesticides | chemicals | sprays","","","","organic labels | washing | chair","conspiracy | twisting","emotion | bandwagon","authority | attack","Correct","","","",""
"food","Food Safety","dirty_dozen","Chemical Food Fear","dirty_conspiracy_02","dirty_conspiracy_02","They say [pesticides] are safe because the food industry needs us [quiet].","They say pesticides are safe because the food industry needs us quiet.","2","quiet","pesticides | quiet | chemicals | obedient | sprays | worried | organic labels | washing | informed | safe | chair | rainbow","quiet | obedient","worried | informed | safe","","","rainbow","conspiracy | twisting","emotion | bandwagon","authority | attack","Correct","","","",""
"food","Food Safety","dirty_dozen","Chemical Food Fear","dirty_social_03","dirty_social_03","Parents are ditching [dirty dozen produce] after influencers showed shocking [tests].","Parents are ditching dirty dozen produce after influencers showed shocking tests.","1","dirty dozen produce","dirty dozen produce | tests | sprayed fruit | results | produce | videos | grocery list | water | guides | tips | piano | spaceship","dirty dozen produce | sprayed fruit","produce","","","grocery list | water | piano","bandwagon | authority","emotion | twisting","trolling | attack","Correct","","","",""
"food","Food Safety","dirty_dozen","Chemical Food Fear","dirty_social_03","dirty_social_03","Parents are ditching [dirty dozen produce] after influencers showed shocking [tests].","Parents are ditching dirty dozen produce after influencers showed shocking tests.","2","tests","dirty dozen produce | tests | sprayed fruit | results | produce | videos | grocery list | water | guides | tips | piano | spaceship","tests | results | videos","guides | tips","","","spaceship","bandwagon | authority","emotion | twisting","trolling | attack","Correct","","","",""
"supp","Supplements","heavy_metal","Heavy Metal Detoxes","metal_fear_01","metal_fear_01","Heavy metals may be hiding in your [body] and stealing your [energy].","Heavy metals may be hiding in your body and stealing your energy.","1","body","body | energy | blood | focus | system | strength | diet | sleep | health | rest | hat | volcano","body | blood | system","diet","","","sleep | hat","emotion | scapegoat","bandwagon | twisting","authority | strawman","Correct","","","",""
"supp","Supplements","heavy_metal","Heavy Metal Detoxes","metal_fear_01","metal_fear_01","Heavy metals may be hiding in your [body] and stealing your [energy].","Heavy metals may be hiding in your body and stealing your energy.","2","energy","body | energy | blood | focus | system | strength | diet | sleep | health | rest | hat | volcano","energy | focus | strength | health","rest | sleep","","","volcano","emotion | scapegoat","bandwagon | twisting","authority | strawman","Correct","","","",""
"supp","Supplements","heavy_metal","Heavy Metal Detoxes","metal_conspiracy_02","metal_conspiracy_02","They mock [detox drops] because a poisoned public keeps buying [solutions].","They mock detox drops because a poisoned public keeps buying solutions.","1","detox drops","detox drops | solutions | cleanses | products | supplements | plans | lab tests | doctor | care | evidence | towel | comet","detox drops | cleanses","supplements | solutions | products | plans | lab tests","","","doctor | towel","conspiracy | twisting","emotion | bandwagon","authority | attack","Correct","","","",""
"supp","Supplements","heavy_metal","Heavy Metal Detoxes","metal_conspiracy_02","metal_conspiracy_02","They mock [detox drops] because a poisoned public keeps buying [solutions].","They mock detox drops because a poisoned public keeps buying solutions.","2","solutions","detox drops | solutions | cleanses | products | supplements | plans | lab tests | doctor | care | evidence | towel | comet","solutions | products | detox drops | cleanses | supplements","plans | care | lab tests","","","evidence | comet","conspiracy | twisting","emotion | bandwagon","authority | attack","Correct","","","",""
"supp","Supplements","heavy_metal","Heavy Metal Detoxes","metal_social_03","metal_social_03","Everyone is sharing [detox photos] after black spots appeared in their [bath].","Everyone is sharing detox photos after black spots appeared in their bath.","1","detox photos","detox photos | bath | cleanse pictures | water | posts | routine | skin care | exercise | home | sink | lamp | dragon","detox photos | cleanse pictures","posts","","","skin care | exercise | lamp","bandwagon | authority","emotion | twisting","trolling | attack","Correct","","","",""
"supp","Supplements","heavy_metal","Heavy Metal Detoxes","metal_social_03","metal_social_03","Everyone is sharing [detox photos] after black spots appeared in their [bath].","Everyone is sharing detox photos after black spots appeared in their bath.","2","bath","detox photos | bath | cleanse pictures | water | posts | routine | skin care | exercise | home | sink | lamp | dragon","bath | water","home | sink","","","routine | dragon","bandwagon | authority","emotion | twisting","trolling | attack","Correct","","","",""
"supp","Supplements","pre_workout","Unregulated Pre-Workout Powders","preworkout_fear_01","preworkout_fear_01","That weak [pre-workout] may be the reason your gym progress stays [flat].","That weak pre-workout may be the reason your gym progress stays flat.","1","pre-workout","pre-workout | flat | powder | stuck | drink | slow | protein | sleep | steady | safe | keyboard | asteroid","pre-workout | powder","drink | protein","","","sleep | keyboard","emotion | scapegoat","bandwagon | twisting","authority | strawman","Correct","","","",""
"supp","Supplements","pre_workout","Unregulated Pre-Workout Powders","preworkout_fear_01","preworkout_fear_01","That weak [pre-workout] may be the reason your gym progress stays [flat].","That weak pre-workout may be the reason your gym progress stays flat.","2","flat","pre-workout | flat | powder | stuck | drink | slow | protein | sleep | steady | safe | keyboard | asteroid","flat | stuck | slow","steady | safe","","","asteroid","emotion | scapegoat","bandwagon | twisting","authority | strawman","Correct","","","",""
"supp","Supplements","pre_workout","Unregulated Pre-Workout Powders","preworkout_conspiracy_02","preworkout_conspiracy_02","Regulators attack [energy powders] because real focus makes people harder to [control].","Regulators attack energy powders because real focus makes people harder to control.","1","energy powders","energy powders | control | pre-workout | manage | caffeine | influence | labels | doctor | guide | protect | umbrella | wizard","energy powders | pre-workout","caffeine","","","labels | doctor | umbrella","conspiracy | twisting","emotion | bandwagon","authority | attack","Correct","","","",""
"supp","Supplements","pre_workout","Unregulated Pre-Workout Powders","preworkout_conspiracy_02","preworkout_conspiracy_02","Regulators attack [energy powders] because real focus makes people harder to [control].","Regulators attack energy powders because real focus makes people harder to control.","2","control","energy powders | control | pre-workout | manage | caffeine | influence | labels | doctor | guide | protect | umbrella | wizard","control | manage | influence","guide | protect","","","wizard","conspiracy | twisting","emotion | bandwagon","authority | attack","Correct","","","",""
"supp","Supplements","pre_workout","Unregulated Pre-Workout Powders","preworkout_social_03","preworkout_social_03","Lifters are using [double scoops] before every session and calling it the new [standard].","Lifters are using double scoops before every session and calling it the new standard.","1","double scoops","double scoops | standard | big scoops | trend | scoops | routine | water | rest | advice | plan | shoe | spaceship","double scoops | big scoops","scoops | water | rest","","","shoe","bandwagon | authority","emotion | twisting","trolling | attack","Correct","","","",""
"supp","Supplements","pre_workout","Unregulated Pre-Workout Powders","preworkout_social_03","preworkout_social_03","Lifters are using [double scoops] before every session and calling it the new [standard].","Lifters are using double scoops before every session and calling it the new standard.","2","standard","double scoops | standard | big scoops | trend | scoops | routine | water | rest | advice | plan | shoe | spaceship","standard | trend | routine","advice | plan","","","spaceship","bandwagon | authority","emotion | twisting","trolling | attack","Correct","","","",""
"supp","Supplements","magic_gummies","Magic Vitamin Gummies","gummies_fear_01","gummies_fear_01","Without these [vitamin gummies], your body may be missing its daily [shield].","Without these vitamin gummies, your body may be missing its daily shield.","1","vitamin gummies","vitamin gummies | shield | magic gummies | boost | supplements | support | food | sleep | health | routine | fork | dragon","vitamin gummies | magic gummies","supplements","","","sleep | fork | food","emotion | scapegoat","bandwagon | twisting","authority | strawman","Correct","","","",""
"supp","Supplements","magic_gummies","Magic Vitamin Gummies","gummies_fear_01","gummies_fear_01","Without these [vitamin gummies], your body may be missing its daily [shield].","Without these vitamin gummies, your body may be missing its daily shield.","2","shield","vitamin gummies | shield | magic gummies | boost | supplements | support | food | sleep | health | routine | fork | dragon","shield | boost | support","health | routine | sleep","","","dragon","emotion | scapegoat","bandwagon | twisting","authority | strawman","Correct","","","",""
"supp","Supplements","magic_gummies","Magic Vitamin Gummies","gummies_conspiracy_02","gummies_conspiracy_02","Doctors do not want kids taking [gummies] because healthy families need fewer [appointments].","Doctors do not want kids taking gummies because healthy families need fewer appointments.","1","gummies","gummies | appointments | vitamins | visits | supplements | checkups | pediatrician | meals | care | planning | pillow | planet","gummies | vitamins | supplements","meals","","","pediatrician | pillow","conspiracy | twisting","emotion | bandwagon","authority | attack","Correct","","","",""
"supp","Supplements","magic_gummies","Magic Vitamin Gummies","gummies_conspiracy_02","gummies_conspiracy_02","Doctors do not want kids taking [gummies] because healthy families need fewer [appointments].","Doctors do not want kids taking gummies because healthy families need fewer appointments.","2","appointments","gummies | appointments | vitamins | visits | supplements | checkups | pediatrician | meals | care | planning | pillow | planet","appointments | visits | checkups","","","","care | planning | planet","conspiracy | twisting","emotion | bandwagon","authority | attack","Correct","","","",""
"supp","Supplements","magic_gummies","Magic Vitamin Gummies","gummies_social_03","gummies_social_03","Parents are buying [magic gummies] after seeing viral before-and-after [stories].","Parents are buying magic gummies after seeing viral before-and-after stories.","1","magic gummies","magic gummies | stories | vitamin gummies | reviews | gummies | posts | fruit | breakfast | guides | tips | table | unicorn","magic gummies | vitamin gummies | gummies","fruit | breakfast","","","table","bandwagon | authority","emotion | twisting","trolling | attack","Correct","","","",""
"supp","Supplements","magic_gummies","Magic Vitamin Gummies","gummies_social_03","gummies_social_03","Parents are buying [magic gummies] after seeing viral before-and-after [stories].","Parents are buying magic gummies after seeing viral before-and-after stories.","2","stories","magic gummies | stories | vitamin gummies | reviews | gummies | posts | fruit | breakfast | guides | tips | table | unicorn","stories | reviews | posts","guides | tips","","","unicorn","bandwagon | authority","emotion | twisting","trolling | attack","Correct","","","",""
"weight","Weight Loss","body_size","Attacking Body Size","size_fear_01","size_fear_01","If your [body] gets bigger, it means you are ignoring the real [problem].","If your body gets bigger, it means you are ignoring the real problem.","1","body","body | problem | shape | size | warning | signal | clothes | issue | health | strength | lamp | context | habit | rocket","body | shape | size","clothes","","","health | strength | lamp","emotion | scapegoat","bandwagon | twisting","authority | strawman","Correct","","","",""
"weight","Weight Loss","body_size","Attacking Body Size","size_fear_01","size_fear_01","If your [body] gets bigger, it means you are ignoring the real [problem].","If your body gets bigger, it means you are ignoring the real problem.","2","problem","body | problem | shape | size | warning | signal | clothes | issue | health | strength | lamp | context | habit | rocket","problem | warning | signal | issue","context | habit | health | strength","","","rocket","emotion | scapegoat","bandwagon | twisting","authority | strawman","Correct","","","",""
"weight","Weight Loss","body_size","Attacking Body Size","size_conspiracy_02","size_conspiracy_02","They call [body positivity] healthy so people stop chasing real [discipline].","They call body positivity healthy so people stop chasing real discipline.","1","body positivity","body positivity | discipline | acceptance | control | confidence | routine | mental health | support | balance | care | spoon | dragon","body positivity | acceptance","confidence | mental health | support | discipline | control | routine | balance | care","","","spoon","conspiracy | twisting","emotion | bandwagon","authority | attack","Correct","","","",""
"weight","Weight Loss","body_size","Attacking Body Size","size_conspiracy_02","size_conspiracy_02","They call [body positivity] healthy so people stop chasing real [discipline].","They call body positivity healthy so people stop chasing real discipline.","2","discipline","body positivity | discipline | acceptance | control | confidence | routine | mental health | support | balance | care | spoon | dragon","discipline | control","routine | balance | care | body positivity | acceptance | confidence | mental health | support","","","dragon","conspiracy | twisting","emotion | bandwagon","authority | attack","Correct","","","",""
"weight","Weight Loss","body_size","Attacking Body Size","size_social_03","size_social_03","Everyone is posting [body checks] because honesty about size is finally [trending].","Everyone is posting body checks because honesty about size is finally trending.","1","body checks","body checks | trending | mirror checks | viral | photos | popular | fitness logs | health | private | balanced | chair | wizard","body checks | mirror checks","photos | fitness logs","","","health | chair","bandwagon | authority","emotion | twisting","trolling | attack","Correct","","","",""
"weight","Weight Loss","body_size","Attacking Body Size","size_social_03","size_social_03","Everyone is posting [body checks] because honesty about size is finally [trending].","Everyone is posting body checks because honesty about size is finally trending.","2","trending","body checks | trending | mirror checks | viral | photos | popular | fitness logs | health | private | balanced | chair | wizard","trending | viral | popular","private | balanced","","","wizard","bandwagon | authority","emotion | twisting","trolling | attack","Correct","","","",""
"weight","Weight Loss","fat_burning","Rapid Fat-Burning Pills","fatburn_fear_01","fatburn_fear_01","If you skip [fat burners], your metabolism may stay trapped in [slow] mode.","If you skip fat burners, your metabolism may stay trapped in slow mode.","1","fat burners","fat burners | slow | pills | stuck | supplements | low | steady | normal | blanket | satellite","fat burners | pills | supplements","","","","blanket","emotion | scapegoat","bandwagon | twisting","authority | strawman","Correct","","","",""
"weight","Weight Loss","fat_burning","Rapid Fat-Burning Pills","fatburn_fear_01","fatburn_fear_01","If you skip [fat burners], your metabolism may stay trapped in [slow] mode.","If you skip fat burners, your metabolism may stay trapped in slow mode.","2","slow","fat burners | slow | pills | stuck | supplements | low | steady | normal | blanket | satellite","slow | low","stuck | steady | normal","","","satellite","emotion | scapegoat","bandwagon | twisting","authority | strawman","Correct","","","",""
"weight","Weight Loss","fat_burning","Rapid Fat-Burning Pills","fatburn_conspiracy_02","fatburn_conspiracy_02","They warn about [fat burners] because weight-loss clinics need repeat [customers].","They warn about fat burners because weight-loss clinics need repeat customers.","1","fat burners","fat burners | customers | buyers | supplements | patients | doctors | training | help | care | window | unicorn","fat burners","supplements | training | care","","","doctors | window","conspiracy | twisting","emotion | bandwagon","authority | attack","Correct","","","",""
"weight","Weight Loss","fat_burning","Rapid Fat-Burning Pills","fatburn_conspiracy_02","fatburn_conspiracy_02","They warn about [fat burners] because weight-loss clinics need repeat [customers].","They warn about fat burners because weight-loss clinics need repeat customers.","2","customers","fat burners | customers | buyers | supplements | patients | doctors | training | help | care | window | unicorn","customers | buyers | patients","","","","help | care | unicorn","conspiracy | twisting","emotion | bandwagon","authority | attack","Correct","","","",""
"weight","Weight Loss","fat_burning","Rapid Fat-Burning Pills","fatburn_social_03","fatburn_social_03","People are taking [fat-burning pills] nightly and showing faster [results] online.","People are taking fat-burning pills nightly and showing faster results online.","1","fat-burning pills","fat-burning pills | results | burn pills | changes | pills | progress | walking | sleep | habits | routine | pencil | volcano","fat-burning pills | burn pills","pills","","","walking | sleep | pencil","bandwagon | authority","emotion | twisting","trolling | attack","Correct","","","",""
"weight","Weight Loss","fat_burning","Rapid Fat-Burning Pills","fatburn_social_03","fatburn_social_03","People are taking [fat-burning pills] nightly and showing faster [results] online.","People are taking fat-burning pills nightly and showing faster results online.","2","results","fat-burning pills | results | burn pills | changes | pills | progress | walking | sleep | habits | routine | pencil | volcano","results | changes | progress","habits | routine","","","volcano","bandwagon | authority","emotion | twisting","trolling | attack","Correct","","","",""
"weight","Weight Loss","negative_calorie","Negative Calorie Foods","negative_fear_01","negative_fear_01","Eating [negative calorie foods] may be the only way to get rid of unwanted [fat].","Eating negative calorie foods may be the only way to get rid of unwanted fat.","1","negative calorie foods","negative calorie foods | fat | celery | weight | low-calorie foods | snacks | balanced meals | high-fiber foods | hunger | energy | carpet | spaceship","negative calorie foods | celery | low-calorie foods","balanced meals | high-fiber foods","","","carpet","emotion | scapegoat","bandwagon | twisting","authority | strawman","Correct","","","",""
"weight","Weight Loss","negative_calorie","Negative Calorie Foods","negative_fear_01","negative_fear_01","Eating [negative calorie foods] may be the only way to get rid of unwanted [fat].","Eating negative calorie foods may be the only way to get rid of unwanted fat.","2","fat","negative calorie foods | fat | celery | weight | low-calorie foods | snacks | balanced meals | high-fiber foods | hunger | energy | carpet | spaceship","fat | weight","hunger | energy","","","snacks | spaceship","emotion | scapegoat","bandwagon | twisting","authority | strawman","Correct","","","",""
"weight","Weight Loss","negative_calorie","Negative Calorie Foods","negative_conspiracy_02","negative_conspiracy_02","Diet companies hate [celery hacks] because cheap foods threaten their [business].","Diet companies hate celery hacks because cheap foods threaten their business.","1","celery hacks","celery hacks | business | negative calorie foods | profits | vegetables | system | dietitians | meals | support | evidence | clock | dragon","celery hacks | negative calorie foods","vegetables | meals","","","dietitians | clock","conspiracy | twisting","emotion | bandwagon","authority | attack","Correct","","","",""
"weight","Weight Loss","negative_calorie","Negative Calorie Foods","negative_conspiracy_02","negative_conspiracy_02","Diet companies hate [celery hacks] because cheap foods threaten their [business].","Diet companies hate celery hacks because cheap foods threaten their business.","2","business","celery hacks | business | negative calorie foods | profits | vegetables | system | dietitians | meals | support | evidence | clock | dragon","business | profits","system | support","","","evidence | dragon","conspiracy | twisting","emotion | bandwagon","authority | attack","Correct","","","",""
"weight","Weight Loss","negative_calorie","Negative Calorie Foods","negative_social_03","negative_social_03","Creators are replacing dinner with [ice water] and [celery] to burn calories while eating.","Creators are replacing dinner with ice water and celery to burn calories while eating.","1","ice water","ice water | celery | cold water | cucumber | water | vegetables | soup | dinner | rice | fruit | shoe | meteor","ice water | cold water | water | celery | cucumber | vegetables","soup | rice | fruit","","","dinner | shoe | meteor","bandwagon | authority","emotion | twisting","trolling | attack","Correct","","","",""
"weight","Weight Loss","negative_calorie","Negative Calorie Foods","negative_social_03","negative_social_03","Creators are replacing dinner with [ice water] and [celery] to burn calories while eating.","Creators are replacing dinner with ice water and celery to burn calories while eating.","2","celery","ice water | celery | cold water | cucumber | water | vegetables | soup | dinner | rice | fruit | shoe | meteor","ice water | cold water | water | celery | cucumber | vegetables","soup | rice | fruit","","","dinner | shoe | meteor","bandwagon | authority","emotion | twisting","trolling | attack","Correct","","","",""
